id,Street Number,Street Name,Street Side,Skytrain Station Name,# of racks,Year Installed
1,134,Abbott St,East,,1,Prior 2010
2,134,Abbott St,East,,1,2012
3,216,Abbott St,East,,2,2012
4,455,Abbott St,West,,4,2014
5,516,Abbott St,East,,1,2014
6,568,Abbott St,East,,1,2014
7,603,Abbott St,West,,1,2014
8,623,Abbott St,West,,1,2014
9,628,Abbott St,East,,1,2014
10,660,Abbott St,East,,1,2014
11,683,Abbott St,West,,1,2014
12,1488,Adanac,South,,1,2014
13,1351,Adanac St,North,,2,2015
14,1375,Adanac St,North,,1,2015
15,1600,Alberni St,North,,1,2012
16,2104,Alberta St,East,,2,2011
17,2104,Alberta St,East,,2,2010
18,55,Alexander St,North,,1,Prior 2010
19,55,Alexander St,North,,2,2012
20,90,Alexander St,South,,1,2012
21,90,Alexander St,South,,10,2013
22,148,Alexander St,South,,1,Prior 2010
23,305,Alexander St,North,,1,2012
24,320,Alexander St,South,,2,Prior 2010
25,320,Alexander St,South,,2,2014
26,429,Alexander St,North,,2,2015
27,475,Alexander St,North,,2,2012
28,611,Alexander St,North,,3,2015
29,704,Alexander St,South,,3,2015
30,200,Alexander St,North,,2,2012
31,2083,Alma St,West,,1,Prior 2010
32,2083,Alma St,West,,3,2012
33,2607,Alma St,West,,1,Prior 2010
34,2621,Alma St,West,,1,Prior 2010
35,2780,Alma St,East,,1,Prior 2010
36,2576,Arbutus St,East,,1,2015
37,2620,Arbutus St,East,,1,2015
38,2630,Arbutus St,East,,1,2015
39,2640,Arbutus St,East,,1,2015
40,2665,Arbutus St,West,,1,2015
41,2680,Arbutus St,East,,1,2015
42,2696,Arbutus St,East,,1,2015
43,2723,Arbutus St,West,,1,2015
44,2738,Arbutus St,East,,1,2015
45,1400,Balsam St,East,,1,2012
46,5704,Balsam St,East,,1,2012
47,5723,Balsam St,West,,2,Prior 2010
48,1447,Barclay St,North,,1,2013
49,2475,Bayswater St,West,,1,Prior 2010
50,2486,Bayswater St,East,,1,2011
51,510,Beatty St,East,,2,2011
52,546,Beatty St,East,,1,2011
53,546,Beatty St,East,,2,2016
54,550,Beatty St,East,,2,2016
55,568,Beatty St,East,,1,2011
56,590,Beatty St,East,Stadium-Chinatown,2,2012
57,600,Beatty St,East,,2,2016
58,620,Beatty St,East,,6,2016
59,688,Beatty St,West,,3,2016
60,733,Beatty St,West,,2,2016
61,773,Beatty St,West,,3,2016
62,780,Beatty St,East,,2,2011
63,780,Beatty St,East,,1,2016
64,788,Beatty St,East,,2,2016
65,808,Beatty St,East,,5,2016
66,837,Beatty St,West,,1,2011
67,837,Beatty St,West,,2,2016
68,855,Beatty St,East,,2,2016
69,857,Beatty St,West,,2,2016
70,858,Beatty St,East,,3,2011
71,869,Beatty St,West,,1,2016
72,873,Beatty St,West,,1,Prior 2010
73,873,Beatty St,West,,2,2011
74,900,Beatty St,East,,1,2012
75,928,Beatty St,East,,7,2016
76,939,Beatty St,West,,1,2016
77,989,Beatty St,West,,1,2016
78,777,Bidwell St,West,,1,Prior 2010
79,1209,Bidwell St,West,,2,2015
80,2400,Birch St,West,,1,2012
81,2400,Blenheim St,East,,1,2011
82,2500,Blenheim St,West,,1,2011
83,3190,Blenheim St,East,,1,Prior 2010
84,5675,Boundary Rd,West,,1,Prior 2010
85,1300,Broughton St,West,,2,2012
86,200,Burrard St,West,,1,Prior 2010
87,355,Burrard St,West,,2,2010
88,401,Burrard St,West,,2,2010
89,550,Burrard St,East,,1,Prior 2010
90,635,Burrard St,West,Burrrad,4,2012
91,888,Burrard St,East,,3,2010
92,955,Burrard St,West,,1,2015
93,969,Burrard St,West,,1,2015
94,1081,Burrard St,West,,3,2012
95,1088,Burrard St,East,,1,2015
96,1088,Burrard St,East,,2,2015
97,1157,Burrard St,West,,1,2015
98,1160,Burrard St,East,,1,2015
99,1192,Burrard St,East,,1,2015
100,1238,Burrard St,East,,1,2015
101,1262,Burrard St,East,,1,2015
102,1306,Burrard St,East,,1,2015
103,1310,Burrard St,East,,1,2015
104,1340,Burrard St,East,,1,2015
105,1350,Burrard St,East,,1,2015
106,1980,Burrard St,East,,1,Prior 2010
107,2110,Burrard St,East,,2,Prior 2010
108,2385,Burrard St,West,,1,Prior 2010
109,2421,Burrard St,West,,1,Prior 2010
110,2445,Burrard St,West,,1,Prior 2010
111,580,Bute St,East,,3,2015
112,800,Bute St,West,,1,2012
113,808,Bute St,East,,1,Prior 2010
114,814,Bute St,East,,1,Prior 2010
115,936,Bute St,East,,2,Prior 2010
116,1100,Bute St,East,,2,2012
117,220,Cambie St,East,,2,Prior 2010
118,220,Cambie St,East,,2,2016
119,300,Cambie St,East,,1,Prior 2010
120,310,Cambie St,East,,2,2016
121,317,Cambie St,West,,1,2016
122,322,Cambie St,East,,1,2016
123,340,Cambie St,East,,2,2016
124,440,Cambie St,East,,1,Prior 2010
125,440,Cambie St,East,,1,2016
126,548,Cambie St,East,,1,2016
127,845,Cambie St,West,,3,2014
128,888,Cambie St,East,,1,Prior 2010
129,891,Cambie St,West,,3,2014
130,896,Cambie St,South,,2,2016
131,930,Cambie St,South,,4,2016
132,1008,Cambie St,South,,2,2016
133,2150,Cambie St,East,,1,Prior 2010
134,2335,Cambie St,West,,2,Prior 2010
135,2893,Cambie St,West,,2,Prior 2010
136,2915,Cambie St,West,,1,2016
137,2925,Cambie St,West,,1,2016
138,2931,Cambie St,West,,1,2016
139,2963,Cambie St,West,,1,2016
140,3305,Cambie St,West,,1,Prior 2010
141,3365,Cambie St,West,,1,Prior 2010
142,3440,Cambie St,East,,1,Prior 2010
143,4008,Cambie St,East,,2,2016
144,4018,Cambie St,East,,1,2016
145,4023,Cambie St,West,,2,2016
146,4030,Cambie St,East,,1,2016
147,4033,Cambie St,West,,1,2016
148,4038,Cambie St,East,,1,Prior 2010
149,4050,Cambie St,East,,1,2016
150,4099,Cambie St,West,King Edward,22,2012
151,6488,Cambie St,East,Langara-49th,3,2012
152,8430,Cambie St,East,Marine Drive,4,2012
153,8500,Cambie St,East,,1,2012
154,1078,Cardero St,East,,3,2013
155,298,Carrall St,East,,2,Prior 2010
156,360,Carrall St,East,,1,2017
157,511,Carrall St,West,,2,2012
158,5487,Cecil St,West,,1,Prior 2010
159,1716,Charles St,South,,2,Prior 2010
160,1100,Chestnut St,East,,6,2015
161,505,Clark Dr,West,,1,Prior 2010
162,912,Clark Dr,East,,1,Prior 2010
163,912,Clark Dr,South,,2,2011
164,620,Clark Drive,East,,1,2015
165,823,Clark Drive,West,,2,2015
166,1111,Clark Drive,West,,2,2015
167,1215,Clark Drive,West,,2,2015
168,1269,Clark Drive,West,,2,2015
169,1345,Clark Drive,West,,3,2015
170,203,Columbia St,North,,2,2014
171,211,Columbia St,West,,1,2012
172,302,Columbia St,East,,1,Prior 2010
173,303,Columbia St,West,,1,Prior 2010
174,303,Columbia St,West,,1,2014
175,351,Columbia St,East,,1,2014
176,2021,Columbia St,West,,2,2012
177,1380,Commercial Dr,East,,2,2013
178,1010,Commercial Drive,East,,2,2012
179,1016,Commercial Drive,East,,1,2012
180,1025,Commercial Drive,West,,1,2012
181,1034,Commercial Drive,East,,1,2012
182,1034,Commercial Drive,East,,1,2012
183,1035,Commercial Drive,West,,2,2012
184,1045,Commercial Drive,West,,2,Prior 2010
185,1103,Commercial Drive,West,,1,2012
186,1111,Commercial Drive,West,,1,Prior 2010
187,1111,Commercial Drive,West,,2,2012
188,1132,Commercial Drive,East,,1,Prior 2010
189,1135,Commercial Drive,West,,1,2012
190,1204,Commercial Drive,East,,1,Prior 2010
191,1365,Commercial Drive,West,,1,2012
192,1380,Commercial Drive,East,,1,Prior 2010
193,1404,Commercial Drive,East,,1,Prior 2010
194,1505,Commercial Drive,West,,1,Prior 2010
195,1520,Commercial Drive,East,,1,Prior 2010
196,1604,Commercial Drive,East,,1,Prior 2010
197,1620,Commercial Drive,East,,1,Prior 2010
198,1675,Commercial Drive,West,,1,Prior 2010
199,1714,Commercial Drive,East,,1,Prior 2010
200,1726,Commercial Drive,East,,1,Prior 2010
201,1858,Commercial Drive,East,,1,2012
202,2010,Commercial Drive,East,,1,Prior 2010
203,2096,Commercial Drive,East,,1,Prior 2010
204,2210,Commercial Drive,East,,1,Prior 2010
205,2279,Commercial Drive,West,,1,Prior 2010
206,2290,Commercial Drive,East,,1,Prior 2010
207,2360,Commercial Drive,East,,1,2015
208,2575,Commercial Drive,West,,1,Prior 2010
209,2598,Commercial Drive,East,,1,Prior 2010
210,2601,Commercial Drive,West,,1,2015
211,2703,Commercial Drive,West,,1,2015
212,2733,Commercial Drive,West,,2,2015
213,2879,Commercial Drive,West,,3,2015
214,2915,Commercial Drive,West,,1,2015
215,1592,Comox St,South,,1,Prior 2010
216,1700,Comox St,North,,3,2010
217,1733,Comox St,North,,5,Prior 2010
218,100,Cordova St,East,,1,2014
219,100,Cordova St,South,,1,2014
220,119,Cordova St,North,,1,2014
221,1935,Cornwall Av,North,,1,Prior 2010
222,1937,Cornwall Av,North,,2,Prior 2010
223,1941,Cornwall Av,North,,1,Prior 2010
224,1945,Cornwall Av,North,,1,Prior 2010
225,1995,Cornwall Av,North,,1,2015
226,2200,Cornwall Av,South,,2,Prior 2010
227,2210,Cornwall Av,South,,2,2015
228,3425,Crowley,North,,1,2014
229,1660,Cypress St,East,,1,2015
230,1670,Cypress St,East,,2,2015
231,110,Davie St,South,,3,Prior 2010
232,216,Davie St,South,,1,Prior 2010
233,297,Davie St,North,Yaletown-Roundhouse,6,2012
234,605,Davie St,North,,1,2016
235,671,Davie St,North,,1,Prior 2010
236,677,Davie St,North,,2,2017
237,746,Davie St,North,,1,Prior 2010
238,1105,Davie St,North,,2,Prior 2010
239,1202,Davie St,South,,1,Prior 2010
240,1204,Davie St,South,,2,Prior 2010
241,1232,Davie St,South,,1,2015
242,1248,Davie St,South,,1,2015
243,1295,Davie St,North,,1,2015
244,1600,Davie St,South,,1,Prior 2010
245,1641,Davie St,North,,1,Prior 2010
246,1650,Davie St,South,,2,Prior 2010
247,1702,Davie St,South,,1,Prior 2010
248,1762,Davie St,South,,1,Prior 2010
249,1789,Davie St,North,,1,Prior 2010
250,679,Denman St,West,,1,Prior 2010
251,710,Denman St,East,,2,Prior 2010
252,718,Denman St,East,,1,Prior 2010
253,745,Denman St,West,,1,Prior 2010
254,768,Denman St,East,,1,Prior 2010
255,785,Denman St,West,,3,Prior 2010
256,823,Denman St,West,,1,Prior 2010
257,849,Denman St,West,,2,2015
258,935,Denman St,West,,1,Prior 2010
259,958,Denman St,East,,1,Prior 2010
260,961,Denman St,West,,1,Prior 2010
261,1015,Denman St,West,,3,Prior 2010
262,1055,Denman St,West,,2,2013
263,1100,Denman St,East,,5,Prior 2010
264,1105,Denman St,West,,1,Prior 2010
265,1156,Denman St,East,,1,Prior 2010
266,1168,Denman St,East,,1,Prior 2010
267,1180,Denman St,East,,1,Prior 2010
268,1184,Denman St,East,,3,2011
269,1184,Denman St,East,,1,2015
270,1187,Denman St,West,,1,Prior 2010
271,1210,Denman St,East,,1,Prior 2010
272,530,Drake St,South,,1,Prior 2010
273,2505,Dunbar St,West,,1,Prior 2010
274,3204,Dunbar St,East,,1,Prior 2010
275,3211,Dunbar St,West,,1,Prior 2010
276,3228,Dunbar St,East,,2,Prior 2010
277,3308,Dunbar St,East,,1,Prior 2010
278,3322,Dunbar St,East,,1,Prior 2010
279,3335,Dunbar St,West,,1,Prior 2010
280,3456,Dunbar St,East,,1,Prior 2010
281,3468,Dunbar St,East,,1,Prior 2010
282,3637,Dunbar St,West,,1,Prior 2010
283,4205,Dunbar St,West,,1,Prior 2010
284,4219,Dunbar St,West,,1,Prior 2010
285,4231,Dunbar St,West,,1,Prior 2010
286,4236,Dunbar St,East,,1,Prior 2010
287,4243,Dunbar St,West,,1,2012
288,4250,Dunbar St,East,,2,Prior 2010
289,4306,Dunbar St,East,,1,2012
290,4326,Dunbar St,East,,1,Prior 2010
291,4336,Dunbar St,East,,1,2012
292,4355,Dunbar St,West,,1,Prior 2010
293,4355,Dunbar St,West,,1,2012
294,4395,Dunbar St,West,,1,Prior 2010
295,4428,Dunbar St,East,,1,Prior 2010
296,4432,Dunbar St,East,,1,2012
297,4445,Dunbar St,West,,1,Prior 2010
298,4446,Dunbar St,East,,1,2012
299,4467,Dunbar St,West,,1,Prior 2010
300,4474,Dunbar St,East,,1,2012
301,4497,Dunbar St,West,,1,Prior 2010
302,4497,Dunbar St,West,,1,2012
303,4555,Dunbar St,West,,1,Prior 2010
304,4603,Dunbar St,West,,1,Prior 2010
305,5587,Dunbar St,West,,1,Prior 2010
306,5601,Dunbar St,West,,2,Prior 2010
307,2177,Dundas St,North,,1,2012
308,37,Dunlevy Av,West,,1,2012
309,37,Dunlevy Av,West,,1,2013
310,55,Dunlevy Av,West,,1,2013
311,143,Dunlevy Av,West,,2,2017
312,211,Dunlevy Av,West,,2,2012
313,304,Dunlevy Av,North,,2,2012
314,433,Dunlevy Av,West,,2,2012
315,111,Dunsmuir St,West,,2,2016
316,111,Dunsmuir St,East,,2,2016
317,579,Dunsmuir St,North,,1,Prior 2010
318,885,Dunsmuir St,North,,1,Prior 2010
319,888,Dunsmuir St,South,,1,Prior 2010
320,900,Dunsmuir St,South,,1,Prior 2010
321,111,E 10th,North,,2,2014
322,1700,E 10th Av,North,,1,2010
323,295,E 11th Av,North,,1,Prior 2010
324,1800,E 11th Av,North,,1,2012
325,2800,E 12th Av,South,,1,2012
326,1680,E 13th Av,South,,1,2015
327,175,E 15th Av,North,,3,2015
328,607,E 15th Av,North,,2,2012
329,617,E 15th Av,North,,1,2012
330,635,E 15th Av,North,,1,2011
331,639,E 15th Av,North,,1,2012
332,665,E 15th Av,North,,2,2011
333,617,E 15th St,North,,1,2013
334,639,E 15th St,North,,1,2013
335,649,E 15th St,North,,1,2013
336,211,E 16th Av,North,,1,Prior 2010
337,197,E 17th Av,North,,1,Prior 2010
338,2450,E 24th Av,South,Nanaimo,3,2012
339,2790,E 29th Av,South,29th Ave,3,2012
340,127,E 2nd Av,North,,1,Prior 2010
341,238,E 2nd Ave,South,,2,2014
342,107,E 3rd,North,,1,2014
343,143,E 3rd,North,,1,2014
344,112,E 3rd Av,South,,1,2012
345,146,E 3rd Av,South,,1,2012
346,173,E 3rd Av,North,,3,2015
347,683,E 44th Av,North,,2,2015
348,696,E 45th Av,South,,2,2012
349,20,E 4th Av,South,,1,2011
350,127,E 4th Av,North,,1,2012
351,137,E 4th Av,North,,1,2012
352,272,E 4th Av,South,,1,Prior 2010
353,56,E 5th Av,South,,1,2015
354,60,E 5th Av,South,,1,2015
355,7,E 6th Av,North,,1,2012
356,45,E 6th Av,North,,1,2015
357,48,E 6th Av,South,,2,2012
358,73,E 6th Av,North,,2,2015
359,203,E 6th Av,North,,2,Prior 2010
360,209,E 6th Av,North,,1,Prior 2010
361,1600,E 6th Av,South,,1,2012
362,77,E 7th Av,North,,1,Prior 2010
363,156,E 7th Av,South,,2,2012
364,255,E 7th Av,North,,2,2015
365,265,E 7th Av,North,,3,2015
366,303,E 8th Av,North,,1,Prior 2010
367,1600,E 8th Av,North,,1,2012
368,5,E 8th St,South,,4,2013
369,105,E Broadway,North,,1,Prior 2010
370,127,E Broadway,North,,1,Prior 2010
371,518,E Broadway,South,,1,2015
372,612,E Broadway,South,,2,2011
373,615,E Broadway,North,,1,Prior 2010
374,800,E Broadway,South,,1,Prior 2010
375,1037,E Broadway,North,,2,2015
376,1458,E Broadway,South,,1,2013
377,1464,E Broadway,South,,1,2013
378,1725,E Broadway,North,Commercial-Broadway,4,2012
379,2406,E Broadway,South,,2,2016
380,8,E Cordova St,South,,1,2012
381,44,E Cordova St,South,,1,Prior 2010
382,63,E Cordova St,North,,1,2012
383,93,E Cordova St,North,,1,2012
384,138,E Cordova St,South,,2,Prior 2010
385,208,E Georgia St,South,,1,2012
386,217,E Georgia St,North,,1,2016
387,239,E Georgia St,North,,1,Prior 2010
388,239,E Georgia St,North,,1,2012
389,501,E Georgia St,North,,1,2014
390,501,E Georgia St,North,,2,2012
391,628,E Georgia St,South,,1,Prior 2010
392,288,E Hastings St,South,,1,2014
393,320,E Hastings St,South,,3,2015
394,326,E Hastings St,South,,1,2015
395,403,E Hastings St,North,,1,2012
396,449,E Hastings St,North,,1,Prior 2010
397,533,E Hastings St,North,,1,Prior 2010
398,533,E Hastings St,North,,1,2013
399,573,E Hastings St,North,,1,2012
400,601,E Hastings St,North,,1,2014
401,638,E Hastings St,South,,1,2015
402,649,E Hastings St,South,,1,2014
403,651,E Hastings St,South,,1,2014
404,660,E Hastings St,South,,1,2015
405,678,E Hastings St,South,,1,2015
406,684,E Hastings St,South,,1,Prior 2010
407,701,E Hastings St,North,,1,2014
408,708,E Hastings St,South,,1,2015
409,717,E Hastings St,North,,1,2014
410,769,E Hastings St,North,,2,2012
411,769,E Hastings St,North,,1,2013
412,828,E Hastings St,South,,1,2015
413,843,E Hastings St,North,,1,2012
414,855,E Hastings St,North,,1,2015
415,872,E Hastings St,South,,1,2015
416,875,E Hastings St,North,,1,2015
417,878,E Hastings St,South,,1,2015
418,879,E Hastings St,North,,1,2015
419,890,E Hastings St,South,,3,2016
420,895,E Hastings St,North,,1,2016
421,1222,E Hastings St,South,,2,2015
422,1298,E Hastings St,South,,3,2015
423,1489,E Hastings St,North,,1,2012
424,1489,E Hastings St,West,,2,2014
425,1618,E Hastings St,South,,1,Prior 2010
426,1618,E Hastings St,South,,1,2012
427,1736,E Hastings St,South,,1,2012
428,1756,E Hastings St,South,,1,2012
429,1909,E Hastings St,North,,1,Prior 2010
430,2296,E Hastings St,South,,1,2014
431,2342,E Hastings St,South,,1,Prior 2010
432,2465,E Hastings St,North,,1,2013
433,2510,E Hastings St,South,,1,Prior 2010
434,2585,E Hastings St,North,,1,Prior 2010
435,2614,E Hastings St,South,,1,Prior 2010
436,2647,E Hastings St,North,,1,2012
437,2674,E Hastings St,South,,1,Prior 2010
438,2769,E Hastings St,North,,2,Prior 2010
439,3423,E Hastings St,North,,1,2011
440,3433,E Hastings St,North,,1,Prior 2010
441,3435,E Hastings St,North,,1,2011
442,3475,E Hastings St,North,,1,2011
443,3501,E Hastings St,North,,1,2011
444,3550,E Hastings St,South,,1,Prior 2010
445,3550,E Hastings St,South,,3,2011
446,3561,E Hastings St,North,,1,2011
447,3578,E Hastings St,South,,1,Prior 2010
448,3599,E Hastings St,North,,1,2011
449,3622,E Hastings St,South,,1,2011
450,3660,E Hastings St,South,,2,2011
451,3683,E Hastings St,North,,2,2011
452,100,E Pender St,South,,1,Prior 2010
453,142,E Pender St,South,,1,2012
454,1220,E Pender St,South,,2,2015
455,1523,E Pender St,North,,3,2015
456,5720,East Boulevard,East,,1,2012
457,1809,Fir St,West,,1,2012
458,1810,Fir St,East,,5,Prior 2010
459,1223,Frances St,North,,1,2015
460,1104,Franklin St,South,,1,2015
461,1112,Franklin St,South,,1,2015
462,1338,Franklin St,South,,2,2015
463,3207,Fraser St,South,,1,2011
464,3213,Fraser St,West,,1,2011
465,3227,Fraser St,West,,1,2011
466,3245,Fraser St,West,,3,2013
467,3381,Fraser St,West,,1,2013
468,3455,Fraser St,West,,1,2013
469,3469,Fraser St,West,,1,2013
470,3485,Fraser St,West,,2,2013
471,3497,Fraser St,West,,1,2012
472,4097,Fraser St,West,,1,2012
473,4129,Fraser St,West,,1,2012
474,4153,Fraser St,West,,1,2012
475,4208,Fraser St,East,,3,2016
476,4230,Fraser St,East,,1,2012
477,4238,Fraser St,East,,1,2016
478,4259,Fraser St,West,,1,2012
479,4287,Fraser St,West,,2,2013
480,4288,Fraser St,East,,1,2012
481,4304,Fraser St,East,,1,2012
482,4305,Fraser St,West,,1,2012
483,4326,Fraser St,East,,2,2015
484,4386,Fraser St,East,,1,2012
485,4588,Fraser St,East,,1,2013
486,4590,Fraser St,East,,2,2012
487,4950,Fraser St,East,,1,2012
488,5550,Fraser St,East,,1,Prior 2010
489,5838,Fraser St,East,,2,2011
490,5907,Fraser St,West,,1,2011
491,5914,Fraser St,East,,1,2011
492,5955,Fraser St,West,,1,2015
493,5965,Fraser St,West,,1,2015
494,5989,Fraser St,West,,1,2015
495,6007,Fraser St,West,,1,2012
496,6105,Fraser St,West,,1,2011
497,6108,Fraser St,East,,1,2011
498,6204,Fraser St,East,,1,2011
499,6207,Fraser St,West,,1,2011
500,6294,Fraser St,East,,1,Prior 2010
501,6305,Fraser St,West,,2,Prior 2010
502,6330,Fraser St,East,,1,2011
503,6434,Fraser St,East,,1,2011
504,6504,Fraser St,East,,1,2011
505,6505,Fraser St,West,,1,2011
506,1154,Gilford St,East,,1,Prior 2010
507,189,Gore Av,West,,1,2012
508,789,Gore Av,West,,2,Prior 2010
509,747,Gore St,West,,1,2013
510,789,Gore St,North,,2,2013
511,2825,Grandview Highway,North,,2,2015
512,2825,Grandview Hwy,North,,2,2013
513,470,Granville St,East,,1,Prior 2010
514,540,Granville St,East,,1,Prior 2010
515,543,Granville St,West,,1,Prior 2010
516,736,Granville St,East,,1,Prior 2010
517,798,Granville St,East,,1,Prior 2010
518,819,Granville St,West,,1,Prior 2010
519,850,Granville St,East,,1,Prior 2010
520,881,Granville St,West,,1,Prior 2010
521,929,Granville St,West,,1,Prior 2010
522,1025,Granville St,West,,1,Prior 2010
523,1043,Granville St,West,,1,Prior 2010
524,1117,Granville St,West,,4,2012
525,1149,Granville St,West,,1,Prior 2010
526,1149,Granville St,West,,2,2013
527,1176,Granville St,East,,2,Prior 2010
528,1208,Granville St,East,,4,2012
529,1265,Granville St,West,,1,Prior 2010
530,1306,Granville St,East,,3,2015
531,2247,Granville St,West,,1,Prior 2010
532,2335,Granville St,West,,1,2013
533,2447,Granville St,West,,1,Prior 2010
534,2516,Granville St,East,,1,2013
535,2590,Granville St,East,,1,Prior 2010
536,2600,Granville St,East,,1,Prior 2010
537,2600,Granville St,East,,1,2013
538,2601,Granville St,West,,1,Prior 2010
539,2609,Granville St,West,,1,2013
540,2658,Granville St,East,,1,2013
541,2705,Granville St,West,,1,2013
542,2723,Granville St,West,,1,2013
543,2750,Granville St,East,,1,2013
544,2775,Granville St,West,,1,Prior 2010
545,2801,Granville St,West,,1,2013
546,2814,Granville St,East,,1,Prior 2010
547,2888,Granville St,East,,1,2013
548,2977,Granville St,West,,1,2013
549,2996,Granville St,East,,1,Prior 2010
550,2997,Granville St,West,,1,2013
551,3007,Granville St,West,,1,2015
552,3010,Granville St,East,,1,2013
553,3014,Granville St,East,,1,Prior 2010
554,3047,Granville St,West,,1,2015
555,3061,Granville St,West,,1,2015
556,3097,Granville St,North,,1,2013
557,3149,Granville St,West,,1,2013
558,7985,Granville St,West,,2,Prior 2010
559,7985,Granville St,West,,1,2012
560,8002,Granville St,East,,1,Prior 2010
561,8075,Granville St,West,,2,Prior 2010
562,8155,Granville St,West,,1,2012
563,8168,Granville St,East,,1,2012
564,8273,Granville St,West,,1,2012
565,8289,Granville St,West,,1,Prior 2010
566,8324,Granville St,East,,1,2012
567,8333,Granville St,West,,1,2012
568,8435,Granville St,West,,1,2012
569,8490,Granville St,East,,1,2012
570,8594,Granville St,East,,1,Prior 2010
571,8630,Granville St,East,,1,2012
572,8662,Granville St,East,,1,Prior 2010
573,8662,Granville St,East,,1,2012
574,8679,Granville St,West,,1,2012
575,8697,Granville St,West,,1,Prior 2010
576,800,Griffiths Way,East,,1,Prior 2010
577,555,Hamilton St,North,,1,Prior 2010
578,858,Hamilton St,East,,1,2015
579,877,Hamilton St,East,,3,2015
580,878,Hamilton St,East,,1,2015
581,883,Hamilton St,West,,1,2015
582,888,Hamilton St,North,,1,2016
583,1020,Hamilton St,South,,4,2016
584,1090,Hamilton St,South,,1,Prior 2010
585,1009,Harwood St,North,,2,2015
586,2500,Heather St,East,,1,2012
587,2530,Heather St,East,,1,Prior 2010
588,3195,Heather St,West,,1,2012
589,3261,Heather St,West,,1,Prior 2010
590,3265,Heather St,West,,1,2015
591,3275,Heather St,West,,1,2015
592,3275,Heather St,West,,2,2015
593,409,Heatley Av,West,,1,2012
594,500,Helmcken St,South,,2,2012
595,508,Helmcken St,South,,1,Prior 2010
596,540,Helmcken St,South,,1,Prior 2010
597,575,Helmcken St,North,,1,2016
598,600,Helmcken St,South,,2,2012
599,600,Helmcken St,North,,3,2012
600,609,Helmcken St,West,,2,Prior 2010
601,609,Helmcken St,North,,3,2016
602,649,Helmcken St,West,,1,Prior 2010
603,1085,Helmcken St,West,,1,2011
604,318,Homer St,East,,1,Prior 2010
605,318,Homer St,East,,1,2011
606,420,Homer St,East,,2,Prior 2010
607,514,Homer St,East,,1,2011
608,777,Homer St,West,,3,2013
609,855,Homer St,North,,2,2016
610,856,Homer St,East,,1,Prior 2010
611,891,Homer St,West,,2,Prior 2010
612,1006,Homer St,East,,1,2011
613,1008,Homer St,South,,5,2016
614,1062,Homer St,East,,1,2011
615,1068,Homer St,East,,1,Prior 2010
616,1090,Homer St,East,,2,Prior 2010
617,1095,Homer St,West,,1,Prior 2010
618,1096,Homer St,East,,1,2011
619,1122,Homer St,East,,1,2011
620,1144,Homer St,East,,1,Prior 2010
621,1148,Homer St,East,,1,2011
622,1180,Homer St,East,,1,Prior 2010
623,1238,Homer St,East,,1,2011
624,1290,Homer St,East,,1,Prior 2010
625,1359,Hornby,West,,2,2014
626,400,Hornby St,,,6,2016
627,586,Hornby St,East,,1,Prior 2010
628,811,Hornby St,West,,1,Prior 2010
629,815,Hornby St,West,,2,Prior 2010
630,815,Hornby St,West,,1,2013
631,951,Hornby St,West,,1,2012
632,1001,Hornby St,West,,3,2015
633,1054,Hornby St,East,,1,2012
634,1082,Hornby St,East,,1,2012
635,1090,Hornby St,East,,1,2012
636,1177,Hornby St,West,,1,Prior 2010
637,1401,Hornby St,West,,1,2011
638,1401,Hornby St,West,,1,2010
639,1451,Hornby St,West,,3,2012
640,325,Howe St,West,,1,Prior 2010
641,466,Howe St,East,,1,2012
642,466,Howe St,East,,1,2011
643,535,Howe St,West,,1,Prior 2010
644,555,Howe St,West,,1,Prior 2010
645,595,Howe St,West,,1,Prior 2010
646,595,Howe St,West,,2,2015
647,600,Howe St,East,,4,2015
648,625,Howe St,West,,1,Prior 2010
649,1095,Howe St,West,,1,Prior 2010
650,1512,Howe St,East,,1,Prior 2010
651,1811,Howe St,West,,1,Prior 2010
652,20,Jackson Av,East,,3,2015
653,1100,Jervis St,East,,1,2012
654,5082,Joyce St,East,,1,2014
655,5099,Joyce St,North,Joyce-Collingwood,3,2012
656,5128,Joyce St,East,,1,2014
657,5160,Joyce St,East,,1,2014
658,145,Keefer St,North,,1,2012
659,232,Keefer St,South,,1,2012
660,2300,Keith St,West,,1,2012
661,39,Kingsway,North,,3,2015
662,76,Kingsway,West,,2,2012
663,188,Kingsway,West,,1,2013
664,355,Kingsway,North,,4,2016
665,359,Kingsway,North,,1,Prior 2010
666,398,Kingsway,South,,1,2013
667,488,Kingsway,South,,1,2013
668,500,Kingsway,South,,1,2013
669,560,Kingsway,South,,1,2013
670,612,Kingsway,South,,1,Prior 2010
671,650,Kingsway,South,,1,Prior 2010
672,772,Kingsway,South,,1,2015
673,776,Kingsway,South,,1,2015
674,856,Kingsway,South,,1,2015
675,868,Kingsway,South,,1,Prior 2010
676,888,Kingsway,South,,1,2015
677,898,Kingsway,South,,3,2015
678,934,Kingsway,South,,1,2015
679,1009,Kingsway,North,,1,2015
680,1021,Kingsway,North,,1,2015
681,1022,Kingsway,South,,1,2015
682,1022,Kingsway,South,,1,2015
683,1055,Kingsway,North,,2,2015
684,1072,Kingsway,South,,1,2015
685,1096,Kingsway,South,,1,2015
686,1097,Kingsway,North,,2,2015
687,1134,Kingsway,South,,1,2015
688,1170,Kingsway,South,,1,2015
689,1196,Kingsway,South,,1,2015
690,1238,Kingsway,South,,1,2015
691,1240,Kingsway,South,,1,2015
692,1243,Kingsway,North,,1,2015
693,1279,Kingsway,North,,1,2015
694,1284,Kingsway,South,,1,2014
695,1284,Kingsway,South,,1,2015
696,1299,Kingsway,North,,1,2015
697,1303,Kingsway,North,,1,Prior 2010
698,1303,Kingsway,North,,2,2015
699,1327,Kingsway,North,,1,2014
700,1333,Kingsway,North,,1,2014
701,1346,Kingsway,South,,1,2014
702,1356,Kingsway,South,,1,2014
703,1391,Kingsway,North,,1,2014
704,1398,Kingsway,South,,1,2014
705,1409,Kingsway,North,,1,2013
706,1427,Kingsway,North,,1,2013
707,1432,Kingsway,South,,1,Prior 2010
708,1459,Kingsway,North,,1,Prior 2010
709,1475,Kingsway,North,,1,2011
710,1680,Kingsway,South,,1,2013
711,1760,Kingsway,South,,1,2013
712,1818,Kingsway,South,,1,2013
713,1850,Kingsway,South,,1,2013
714,2066,Kingsway,South,,1,2012
715,2127,Kingsway,North,,1,2012
716,2298,Kingsway,South,,3,2016
717,2310,Kingsway,South,,3,2015
718,2386,Kingsway,South,,1,2014
719,2392,Kingsway,South,,1,2014
720,2536,Kingsway,South,,1,2013
721,2934,Kingsway,South,,1,2013
722,3012,Kingsway,South,,1,2013
723,3490,Kingsway,South,,1,2013
724,3541,Kingsway,North,,1,Prior 2010
725,3544,Kingsway,South,,1,2013
726,3546,Kingsway,South,,1,2013
727,3617,Kingsway,North,,1,2013
728,3665,Kingsway,North,,2,2013
729,3919,Knight St,West,,1,2014
730,405,Kootenay St,West,,2,2011
731,5818,Lincoln St,East,,1,Prior 2010
732,2001,Macdonald St,South,,1,2012
733,2001,Macdonald st,West,,1,2013
734,4017,Macdonald St,West,,1,2016
735,4021,Macdonald St,West,,1,2016
736,4027,Macdonald St,West,,1,2016
737,4055,Macdonald St,West,,1,2016
738,4075,Macdonald St,West,,1,2016
739,4105,Macdonald St,West,,1,2016
740,4107,Macdonald St,West,,1,2016
741,4109,Macdonald St,West,,1,Prior 2010
742,4889,Mackenzie St,West,,1,Prior 2010
743,4894,Mackenzie St,East,,1,Prior 2010
744,101,Main St,West,,3,2015
745,121,Main St,West,,1,Prior 2010
746,179,Main St,West,,1,2015
747,180,Main St,East,,2,2015
748,222,Main St,East,,1,2012
749,231,Main St,West,,2,2013
750,245,Main St,West,,2,2015
751,247,Main St,West,,1,2015
752,309,Main St,West,,1,2012
753,416,Main St,East,,2,2012
754,506,Main St,East,,1,2012
755,700,Main St,East,,2,2012
756,708,Main St,East,,1,2012
757,728,Main St,East,,1,2012
758,917,Main St,West,,2,2012
759,917,Main St,West,,2,2013
760,928,Main St,East,,2,2012
761,1008,Main St,South,,1,2012
762,1011,Main St,West,,1,Prior 2010
763,1399,Main St,West,Main St-Science World,4,2012
764,1965,Main St,West,,2,Prior 2010
765,2015,Main St,West,,2,2015
766,2136,Main St,East,,2,2015
767,2148,Main St,East,,1,2013
768,2148,Main St,East,,1,2014
769,2148,Main St,East,,2,2015
770,2152,Main St,East,,3,2015
771,2218,Main St,East,,1,Prior 2010
772,2345,Main St,West,,2,2015
773,2403,Main St,West,,1,2015
774,2429,Main St,West,,1,2015
775,2541,Main St,West,,1,2015
776,2543,Main St,West,,1,Prior 2010
777,2549,Main St,West,,1,2015
778,2600,Main St,East,,1,Prior 2010
779,2616,Main St,East,,1,2015
780,2630,Main St,East,,2,2015
781,2655,Main St,West,,1,Prior 2010
782,2702,Main St,East,,1,2015
783,2812,Main St,East,,1,2012
784,2818,Main St,East,,1,2012
785,2828,Main St,East,,1,Prior 2010
786,2830,Main St,East,,1,2015
787,2899,Main St,West,,1,2015
788,2902,Main St,East,,1,2015
789,2949,Main St,West,,1,Prior 2010
790,2970,Main St,East,,1,Prior 2010
791,2980,Main St,East,,1,Prior 2010
792,3010,Main St,East,,1,Prior 2010
793,3010,Main St,East,,1,2015
794,3045,Main St,West,,2,Prior 2010
795,3080,Main St,East,,1,2015
796,3096,Main St,East,,2,2015
797,3102,Main St,East,,1,Prior 2010
798,3418,Main St,East,,2,2015
799,3425,Main St,West,,2,2015
800,3443,Main St,West,,1,2015
801,3448,Main St,East,,1,2015
802,3463,Main St,West,,1,Prior 2010
803,3463,Main St,West,,1,2015
804,3511,Main St,West,,2,2015
805,3561,Main St,West,,2,2015
806,3573,Main St,West,,1,2015
807,3585,Main St,West,,1,2015
808,3603,Main St,West,,2,2015
809,3699,Main St,West,,1,Prior 2010
810,3699,Main St,West,,2,2015
811,3757,Main St,West,,1,2015
812,3795,Main St,West,,1,2015
813,3835,Main St,West,,1,2012
814,3878,Main St,East,,1,2015
815,3882,Main St,East,,1,2015
816,3941,Main St,West,,2,2015
817,3950,Main St,East,,1,2015
818,4071,Main St,West,,2,2013
819,4124,Main St,East,,1,2015
820,4129,Main St,West,,1,2015
821,4136,Main St,East,,1,2015
822,4162,Main St,East,,1,2015
823,4172,Main St,West,,1,Prior 2010
824,4198,Main St,East,,1,2015
825,4205,Main St,East,,1,Prior 2010
826,4216,Main St,East,,1,2015
827,4219,Main St,West,,1,2015
828,4262,Main St,East,,1,2015
829,4288,Main St,East,,1,2015
830,4301,Main St,West,,1,2015
831,4355,Main St,West,,1,2015
832,4363,Main St,West,,1,Prior 2010
833,4401,Main St,West,,1,2015
834,4423,Main St,West,,2,2015
835,4433,Main St,West,,1,2015
836,4456,Main St,East,,1,2015
837,4464,Main St,East,,1,2015
838,4475,Main St,West,,2,2015
839,4510,Main St,East,,1,2015
840,4514,Main St,East,,1,2015
841,4515,Main St,West,,1,2011
842,4531,Main St,West,,1,2011
843,4554,Main St,East,,1,2015
844,4560,Main St,East,,1,2015
845,4570,Main St,East,,1,Prior 2010
846,4575,Main St,West,,2,2015
847,4628,Main St,East,,2,2015
848,4645,Main St,West,,1,2015
849,4673,Main St,West,,1,2015
850,4750,Main St,East,,1,2012
851,4825,Main St,West,,2,2015
852,4871,Main St,West,,1,2015
853,4873,Main St,West,,1,2015
854,5685,Main St,West,,1,Prior 2010
855,5749,Main St,West,,1,Prior 2010
856,900,Mainland St,West,,1,2012
857,910,Mainland St,South,,1,2013
858,1020,Mainland St,South,,3,2016
859,1195,Mainland St,North,,1,Prior 2010
860,1605,Manitoba St,West,,5,2012
861,1945,Manitoba St,West,,1,2012
862,1200,Marinaside Crescent,South,,1,2012
863,1228,Marinaside Crescent,South,,4,Prior 2010
864,1205,Melville St,North,,2,2015
865,127,N Templeton Drive,West,,1,2012
866,1316,Nanaimo St,East,,1,2014
867,1340,Nanaimo St,East,,1,2014
868,1386,Nanaimo St,East,,1,2014
869,1390,Nanaimo St,East,,1,2014
870,200,Nelson St,South,,2,2016
871,3108,Oak St,East,,2,2015
872,3208,Oak St,East,,1,Prior 2010
873,3244,Oak St,East,,1,Prior 2010
874,189,Ontario Place,North,,1,Prior 2010
875,1836,Ontario St,East,,2,2014
876,1863,Ontario St,West,,2,2014
877,2515,Ontario St,West,,1,Prior 2010
878,1108,Pacific Boulevard,South,,1,2015
879,1108,Pacific Boulevard,South,,1,2016
880,1156,Pacific Boulevard,South,,1,2015
881,1156,Pacific Boulevard,South,,1,2016
882,1165,Pacific Boulevard,North,,1,2015
883,1165,Pacific Boulevard,North,,1,2016
884,1195,Pacific Boulevard,North,,2,2015
885,1195,Pacific Boulevard,North,,2,2016
886,1196,Pacific Boulevard,South,,1,2015
887,1196,Pacific Boulevard,South,,1,2016
888,1205,Pacific Boulevard,North,,1,2015
889,1205,Pacific Boulevard,North,,1,2016
890,1213,Pacific Boulevard,North,,1,2015
891,1213,Pacific Boulevard,North,,1,2016
892,1251,Pacific Boulevard,North,,1,2015
893,1251,Pacific Boulevard,North,,1,2016
894,1267,Pacific Boulevard,North,,1,2015
895,1267,Pacific Boulevard,North,,1,2016
896,1268,Pacific Boulevard,South,,1,2015
897,1268,Pacific Boulevard,South,,1,2016
898,1279,Pacific Boulevard,North,,1,Prior 2010
899,1282,Pacific Boulevard,South,,1,2015
900,1282,Pacific Boulevard,South,,1,2016
901,1300,Pacific Boulevard,South,,1,2012
902,1300,Pacific Boulevard,South,,3,2015
903,1300,Pacific Boulevard,South,,3,2016
904,2855,Point Grey Rd,North,,2,2014
905,3215,Point Grey Rd,North,,2,2014
906,3700,Point Grey Rd,North,,2,2014
907,40,Powell St,South,,1,2012
908,43,Powell St,North,,1,2012
909,253,Powell St,North,,1,2012
910,300,Powell St,South,,2,2012
911,362,Powell St,South,,2,2012
912,374,Powell St,South,,1,2012
913,398,Powell St,South,,1,2012
914,403,Powell St,North,,1,2012
915,415,Powell St,North,,1,2012
916,429,Powell St,North,,1,2012
917,451,Powell St,North,,1,2012
918,453,Powell St,North,,1,2012
919,477,Powell St,North,,4,2015
920,528,Powell St,South,,1,Prior 2010
921,537,Powell St,North,,3,2012
922,543,Powell St,North,,1,Prior 2010
923,550,Powell St,South,,1,2012
924,566,Powell St,South,,1,2012
925,569,Powell St,North,,1,Prior 2010
926,569,Powell St,North,,1,2012
927,580,Powell St,South,,1,Prior 2010
928,606,Powell St,South,,1,Prior 2010
929,606,Powell St,South,,2,2015
930,626,Powell St,South,,1,2015
931,636,Powell St,South,,1,2015
932,668,Powell St,South,,2,2015
933,686,Powell St,South,,2,2015
934,707,Powell St,North,,2,2015
935,807,Powell St,North,,2,2015
936,825,Powell St,North,,1,2015
937,1315,Powell St,North,,2,2015
938,1357,Powell St,North,,3,2015
939,1435,Powell St,North,,2,2015
940,1445,Powell St,North,,1,2015
941,1449,Powell St,North,,2,2015
942,1728,Powell St,North,,1,2014
943,1729,Powell St,North,,1,2014
944,2755,Prince Edward St,West,,3,Prior 2010
945,1818,Quebec St,East,,3,2016
946,2043,Quebec St,West,,1,2012
947,2323,Quebec St,West,,2,2012
948,343,Railway,North,,2,2014
949,343,Railway St,North,,1,Prior 2010
950,395,Railway St,North,,1,2012
951,422,Railway St,South,,1,2015
952,430,Railway St,South,,2,2015
953,439,Railway St,North,,1,2015
954,460,Railway St,South,,1,2012
955,460,Railway St,South,,1,2015
956,505,Railway St,North,,1,2015
957,440,Richards St,West,,1,2011
958,500,Richards St,East,,2,2012
959,509,Richards St,West,,1,2015
960,555,Richards St,West,,1,2011
961,577,Richards St,West,,1,2011
962,808,Richards St,East,,1,Prior 2010
963,910,Richards St,South,,3,2016
964,971,Richards St,West,,2,Prior 2010
965,1188,Richards St,East,,2,Prior 2010
966,1200,Richards St,East,,1,2012
967,1320,Richards St,East,,2,Prior 2010
968,1400,Richards St,West,,1,2012
969,111,Robson St,North,,1,2011
970,111,Robson St,West,,2,2016
971,118,Robson St,East,,2,2016
972,211,Robson St,North,,2,2016
973,238,Robson St,South,,1,2016
974,255,Robson St,North,,1,2016
975,265,Robson St,North,,1,2016
976,275,Robson St,North,,2,2016
977,280,Robson St,South,,1,2016
978,298,Robson St,South,,2,2016
979,340,Robson St,South,,1,2016
980,350,Robson St,South,,1,2016
981,410,Robson St,South,,1,2016
982,430,Robson St,South,,1,2016
983,433,Robson St,North,,2,Prior 2010
984,480,Robson St,South,,2,Prior 2010
985,480,Robson St,South,,1,Prior 2010
986,516,Robson St,South,,1,Prior 2010
987,550,Robson St,South,,2,Prior 2010
988,608,Robson St,South,,2,Prior 2010
989,1025,Robson St,North,,2,Prior 2010
990,1025,Robson St,North,,2,2012
991,1100,Robson St,South,,4,2015
992,1150,Robson St,South,,1,Prior 2010
993,1175,Robson St,North,,1,Prior 2010
994,1182,Robson St,South,,1,Prior 2010
995,1187,Robson St,North,,1,Prior 2010
996,1225,Robson St,North,,1,Prior 2010
997,1280,Robson St,South,,1,Prior 2010
998,1290,Robson St,South,,1,Prior 2010
999,1300,Robson St,South,,1,Prior 2010
1000,1323,Robson St,North,,1,Prior 2010
1001,1553,Robson St,North,,1,Prior 2010
1002,1688,Robson St,South,,1,Prior 2010
1003,1701,Robson St,North,,1,Prior 2010
1004,1716,Robson St,South,,1,Prior 2010
1005,1741,Robson St,North,,1,Prior 2010
1006,1766,Robson St,South,,1,Prior 2010
1007,1779,Robson St,North,,1,Prior 2010
1008,1785,Robson St,North,,2,Prior 2010
1009,1793,Robson St,North,,1,Prior 2010
1010,1800,Robson St,South,,1,2012
1011,1817,Robson St,North,,2,Prior 2010
1012,555,Seymour St,West,,3,Prior 2010
1013,655,Seymour St,West,Granville St,4,2012
1014,900,Seymour St,South,,1,2016
1015,901,Seymour St,West,,1,Prior 2010
1016,930,Seymour St,North,,3,2016
1017,1022,Seymour St,South,,3,2016
1018,1067,Seymour St,West,,1,Prior 2010
1019,1067,Seymour St,West,,1,2016
1020,1082,Seymour St,West,,2,2016
1021,1092,Seymour St,West,,3,2016
1022,1100,Seymour St,West,,4,2012
1023,1107,Seymour St,West,,3,Prior 2010
1024,1155,Seymour St,West,,1,2016
1025,1160,Seymour St,East,,1,Prior 2010
1026,1181,Seymour St,West,,2,2016
1027,1199,Seymour St,West,,1,2016
1028,524,Shanghai Alley,East,,1,2015
1029,405,Skeena St,West,,4,2011
1030,79,Smithe St,North,,2,2014
1031,79,Smithe St,North,,2,2011
1032,99,Smithe St,North,,1,2014
1033,99,Smithe St,North,,1,2011
1034,101,Smithe St,North,,3,2016
1035,225,Smithe St,North,,2,2016
1036,355,Smithe St,North,,2,2016
1037,589,Smithe St,North,,4,2016
1038,601,Smithe St,North,,1,Prior 2010
1039,1000,Smithe St,North,,1,2012
1040,600,Stamps Landing,South,,1,2016
1041,600,Stamps Landing,south,,2,2016
1042,2025,Stephens St,West,,2,Prior 2010
1043,2025,Stephens St,West,,2,2013
1044,535,Thurlow St,West,,1,2015
1045,535,Thurlow St,West,,1,2015
1046,842,Thurlow St,East,,1,Prior 2010
1047,2480,Trafalgar St,East,,2,Prior 2010
1048,2590,Trimble St,East,,1,2011
1049,1946,Triumph St,South,,1,2012
1050,2400,Trutch St,East,,1,2011
1051,219,Union St,North,,1,2012
1052,219,Union St,North,,1,2013
1053,221,Union St,North,,1,2012
1054,231,Union St,North,,1,2012
1055,241,Union St,North,,1,2012
1056,243,Union St,North,,1,2012
1057,251,Union St,North,,1,Prior 2010
1058,251,Union St,North,,1,2013
1059,255,Union St,North,,1,2013
1060,598,Union St,South,,1,Prior 2010
1061,1033,Venables St,North,,1,2012
1062,1255,Venables St,North,,1,2015
1063,1420,Venables St,South,,1,2015
1064,1457,Venables St,North,,1,2015
1065,1461,Venables St,North,,1,2015
1066,1495,Venables St,North,,1,2015
1067,1503,Venables St,North,,1,2015
1068,1530,Venables St,South,,1,2015
1069,1685,Venables St,North,,1,2015
1070,1697,Venables St,North,,1,Prior 2010
1071,1302,Victoria Drive,East,,1,Prior 2010
1072,4932,Victoria Drive,East,,1,2012
1073,4969,Victoria Drive,West,,1,2012
1074,4990,Victoria Drive,East,,1,2012
1075,5026,Victoria Drive,East,,1,2013
1076,5037,Victoria Drive,West,,1,Prior 2010
1077,5038,Victoria Drive,East,,1,2013
1078,5052,Victoria Drive,East,,1,2012
1079,5057,Victoria Drive,West,,1,2012
1080,5076,Victoria Drive,East,,1,2012
1081,5124,Victoria Drive,East,,1,2012
1082,5157,Victoria Drive,West,,1,2012
1083,5239,Victoria Drive,West,,1,2012
1084,5265,Victoria Drive,West,,1,2012
1085,5393,Victoria Drive,West,,1,2012
1086,5448,Victoria Drive,East,,1,2012
1087,5449,Victoria Drive,West,,1,2012
1088,5470,Victoria Drive,East,,1,2012
1089,5492,Victoria Drive,East,,1,2012
1090,5501,Victoria Drive,West,,1,2012
1091,5579,Victoria Drive,West,,1,2012
1092,5590,Victoria Drive,East,,1,Prior 2010
1093,5656,Victoria Drive,East,,1,2012
1094,5661,Victoria Drive,West,,1,2012
1095,5723,Victoria Drive,West,,1,2012
1096,5732,Victoria Drive,East,,1,2012
1097,5780,Victoria Drive,East,,1,2012
1098,5807,Victoria Drive,West,,1,2012
1099,5853,Victoria Drive,West,,1,2012
1100,5885,Victoria Drive,West,,1,2012
1101,6225,Victoria Drive,West,,1,2012
1102,6370,Victoria Drive,East,,1,Prior 2010
1103,6404,Victoria Drive,East,,1,2012
1104,6440,Victoria Drive,East,,1,2012
1105,6470,Victoria Drive,East,,1,2012
1106,6471,Victoria Drive,West,,2,2012
1107,6495,Victoria Drive,West,,1,2012
1108,6579,Victoria Drive,West,,1,Prior 2010
1109,6586,Victoria Drive,East,,1,2012
1110,6647,Victoria Drive,West,,1,2012
1111,6689,Victoria Drive,West,,1,2012
1112,6904,Victoria Drive,East,,1,2012
1113,6942,Victoria Drive,East,,1,2012
1114,6945,Victoria Drive,West,,1,2012
1115,6979,Victoria Drive,West,,1,2012
1116,3702,W 10th Av,South,,1,Prior 2010
1117,3712,W 10th Av,South,,1,2015
1118,3730,W 10th Av,South,,1,2015
1119,3742,W 10th Av,South,,1,2015
1120,3743,W 10th Av,North,,1,Prior 2010
1121,3751,W 10th Av,North,,1,Prior 2010
1122,3751,W 10th Av,North,,1,2015
1123,3754,W 10th Av,South,,1,Prior 2010
1124,3760,W 10th Av,South,,1,Prior 2010
1125,3783,W 10th Av,North,,1,Prior 2010
1126,3785,W 10th Av,North,,1,2015
1127,3788,W 10th Av,South,,1,Prior 2010
1128,4326,W 10th Av,South,,1,Prior 2010
1129,4330,W 10th Av,South,,1,2011
1130,4343,W 10th Av,North,,1,2011
1131,4346,W 10th Av,South,,1,Prior 2010
1132,4358,W 10th Av,South,,1,2015
1133,4364,W 10th Av,South,,1,2015
1134,4370,W 10th Av,South,,1,2015
1135,4375,W 10th Av,North,,1,Prior 2010
1136,4387,W 10th Av,North,,1,2011
1137,4397,W 10th Av,North,,1,Prior 2010
1138,4401,W 10th Av,North,,1,2011
1139,4426,W 10th Av,South,,1,Prior 2010
1140,4434,W 10th Av,South,,1,Prior 2010
1141,4441,W 10th Av,North,,1,Prior 2010
1142,4441,W 10th Av,North,,1,2011
1143,4444,W 10th Av,South,,1,Prior 2010
1144,4449,W 10th Av,North,,1,Prior 2010
1145,4455,W 10th Av,North,,1,Prior 2010
1146,4456,W 10th Av,South,,1,Prior 2010
1147,4459,W 10th Av,North,,1,Prior 2010
1148,4479,W 10th Av,North,,1,Prior 2010
1149,4480,W 10th Av,South,,1,Prior 2010
1150,4485,W 10th Av,North,,1,2011
1151,4501,W 10th Av,North,,1,Prior 2010
1152,4501,W 10th Av,North,,1,2011
1153,4502,W 10th Av,South,,1,Prior 2010
1154,4516,W 10th Av,South,,1,Prior 2010
1155,4520,W 10th Av,South,,1,2011
1156,4530,W 10th Av,South,,1,2011
1157,4538,W 10th Av,South,,1,Prior 2010
1158,4538,W 10th Av,South,,1,2011
1159,4545,W 10th Av,North,,1,Prior 2010
1160,4545,W 10th Av,North,,1,2011
1161,4580,W 10th Av,South,,1,Prior 2010
1162,4597,W 10th Av,North,,1,2011
1163,1510,W 11th Av,South,,1,Prior 2010
1164,1520,W 11th Av,South,,1,2013
1165,1440,W 12th Av,South,,1,Prior 2010
1166,1507,W 12th Av,North,,3,2012
1167,2108,W 12th Av,South,,1,2012
1168,1500,W 13th Av,South,,1,2012
1169,1510,W 14th Av,South,,1,Prior 2010
1170,980,W 15th Av,South,,1,2015
1171,1520,W 15th Av,South,,1,2013
1172,736,W 16th Av,South,,1,2015
1173,758,W 16th Av,South,,1,2015
1174,2100,W 16th Av,South,,1,Prior 2010
1175,2595,W 16th Av,North,,1,2012
1176,2595,W 16th Av,North,,1,2012
1177,2603,W 16th Av,North,,2,2012
1178,2607,W 16th Av,North,,1,Prior 2010
1179,2611,W 16th Av,North,,1,2012
1180,2627,W 16th Av,North,,1,Prior 2010
1181,2756,W 16th Av,South,,1,Prior 2010
1182,3195,W 16th Av,North,,1,Prior 2010
1183,3870,W 16th Av,South,,1,Prior 2010
1184,3637,W 17th Av,North,,1,Prior 2010
1185,85,W 1st Av,South,,12,2014
1186,106,W 1st Av,South,,1,Prior 2010
1187,1800,W 1st Av,South,,2,Prior 2010
1188,1809,W 1st Av,North,,1,Prior 2010
1189,1855,W 1st Av,North,,2,Prior 2010
1190,1898,W 1st Av,South,,1,Prior 2010
1191,1900,W 1st Av,South,,1,Prior 2010
1192,1900,W 1st Av,South,,5,2015
1193,1901,W 1st Av,North,,1,2015
1194,2100,W 1st Av,South,,1,2012
1195,2201,W 1st Av,West,,1,2015
1196,988,W 21st Av,South,,1,Prior 2010
1197,500,W 24th Av,North,,1,2012
1198,29,W 2nd Av,North,,1,2012
1199,52,W 2nd Av,South,,2,2012
1200,118,W 2nd Av,South,,1,2012
1201,336,W 2nd Av,South,,1,2012
1202,525,W 2nd Av,North,Olympic Village,4,2012
1203,1505,W 2nd Av,North,,1,Prior 2010
1204,1534,W 2nd Av,South,,1,Prior 2010
1205,1650,W 2nd Av,South,,1,2012
1206,1720,W 2nd Av,South,,1,2012
1207,1900,W 2nd Av,South,,1,2012
1208,2102,W 39th Av,South,,1,Prior 2010
1209,60,W 3rd Av,South,,1,2012
1210,105,W 3rd Av,North,,1,2012
1211,124,W 3rd Av,South,,1,2012
1212,126,W 3rd Av,South,,1,2012
1213,190,W 3rd Av,South,,1,2012
1214,290,W 3rd Av,South,,1,2012
1215,1701,W 3rd Av,North,,2,2015
1216,1751,W 3rd Av,North,,1,2015
1217,1777,W 3rd Av,North,,1,Prior 2010
1218,1780,W 3rd Av,South,,1,Prior 2010
1219,2107,W 40th Av,North,,1,2012
1220,2130,W 40th Av,South,,1,2012
1221,510,W 41st Av,South,Oakridge-41st,4,2012
1222,2021,W 41st Av,North,,1,2012
1223,2028,W 41st Av,South,,1,Prior 2010
1224,2057,W 41st Av,North,,1,2012
1225,2094,W 41st Av,South,,1,2012
1226,2120,W 41st Av,South,,1,Prior 2010
1227,2198,W 41st Av,South,,1,2012
1228,2208,W 41st Av,South,,1,2012
1229,2225,W 41st Av,North,,1,Prior 2010
1230,2225,W 41st Av,North,,2,2012
1231,2246,W 41st Av,South,,1,2012
1232,2253,W 41st Av,North,,1,2012
1233,2260,W 41st Av,South,,1,2012
1234,2267,W 41st Av,North,,1,2012
1235,2303,W 41st Av,North,,1,Prior 2010
1236,2305,W 41st Av,North,,1,2012
1237,2326,W 41st Av,South,,1,Prior 2010
1238,2326,W 41st Av,South,,1,2012
1239,2380,W 41st Av,South,,1,Prior 2010
1240,2443,W 41st Av,North,,1,2012
1241,2448,W 41st Av,South,,1,2012
1242,2496,W 41st Av,South,,1,2012
1243,3502,W 41st Av,South,,1,2016
1244,3510,W 41st Av,South,,1,2016
1245,3516,W 41st Av,South,,1,2016
1246,3535,W 41st Av,North,,5,2016
1247,3562,W 41st Av,South,,1,2016
1248,3568,W 41st Av,South,,1,2016
1249,3584,W 41st Av,South,,2,2016
1250,3591,W 41st Av,North,,1,Prior 2010
1251,1988,W 49th Av,South,,1,Prior 2010
1252,165,W 4th,North,,3,2014
1253,38,W 4th Av,South,,1,2012
1254,149,W 4th Av,North,,1,Prior 2010
1255,163,W 4th Av,West,,1,2012
1256,165,W 4th Av,West,,1,2012
1257,1590,W 4th Av,South,,2,2012
1258,1599,W 4th Av,North,,2,2012
1259,1615,W 4th Av,North,,1,Prior 2010
1260,1618,W 4th Av,South,,1,Prior 2010
1261,1628,W 4th Av,South,,1,2012
1262,1707,W 4th Av,North,,1,2017
1263,1723,W 4th Av,North,,1,2012
1264,1731,W 4th Av,North,,1,Prior 2010
1265,1755,W 4th Av,North,,1,Prior 2010
1266,1755,W 4th Av,North,,1,2012
1267,1775,W 4th Av,North,,1,Prior 2010
1268,1793,W 4th Av,North,,2,2012
1269,1804,W 4th Av,South,,1,2011
1270,1823,W 4th Av,North,,1,Prior 2010
1271,1828,W 4th Av,South,,1,2011
1272,1843,W 4th Av,North,,1,Prior 2010
1273,1843,W 4th Av,North,,1,2011
1274,1855,W 4th Av,North,,1,2011
1275,1869,W 4th Av,North,,1,Prior 2010
1276,1885,W 4th Av,North,,1,Prior 2010
1277,1905,W 4th Av,North,,1,2011
1278,1906,W 4th Av,South,,2,2011
1279,1947,W 4th Av,North,,1,Prior 2010
1280,1961,W 4th Av,North,,1,2011
1281,1972,W 4th Av,South,,1,Prior 2010
1282,1985,W 4th Av,North,,1,Prior 2010
1283,1992,W 4th Av,South,,1,2011
1284,2010,W 4th Av,South,,3,Prior 2010
1285,2021,W 4th Av,North,,1,2011
1286,2023,W 4th Av,North,,1,2011
1287,2028,W 4th Av,South,,1,2011
1288,2033,W 4th Av,North,,1,Prior 2010
1289,2052,W 4th Av,South,,1,2011
1290,2061,W 4th Av,North,,2,Prior 2010
1291,2089,W 4th Av,North,,1,Prior 2010
1292,2136,W 4th Av,South,,2,Prior 2010
1293,2141,W 4th Av,North,,1,2011
1294,2141,W 4th Av,North,,1,2010
1295,2152,W 4th Av,South,,1,2011
1296,2152,W 4th Av,South,,1,2010
1297,2170,W 4th Av,South,,1,2011
1298,2170,W 4th Av,South,,1,2010
1299,2175,W 4th Av,North,,1,Prior 2010
1300,2198,W 4th Av,South,,2,Prior 2010
1301,2199,W 4th Av,North,,1,2011
1302,2199,W 4th Av,North,,1,2010
1303,2200,W 4th Av,South,,8,Prior 2010
1304,2206,W 4th Av,South,,1,Prior 2010
1305,2228,W 4th Av,South,,1,2011
1306,2228,W 4th Av,South,,1,2010
1307,2270,W 4th Av,South,,1,Prior 2010
1308,2274,W 4th Av,South,,1,2011
1309,2274,W 4th Av,South,,1,2010
1310,2302,W 4th Av,South,,3,2011
1311,2302,W 4th Av,South,,3,2010
1312,2340,W 4th Av,South,,1,2011
1313,2340,W 4th Av,South,,1,2010
1314,2356,W 4th Av,South,,1,Prior 2010
1315,2360,W 4th Av,South,,1,Prior 2010
1316,2383,W 4th Av,North,,1,2011
1317,2383,W 4th Av,North,,1,2010
1318,2388,W 4th Av,South,,1,Prior 2010
1319,2625,W 4th Av,North,,1,2012
1320,2645,W 4th Av,North,,1,Prior 2010
1321,2645,W 4th Av,North,,1,2012
1322,2660,W 4th Av,South,,1,Prior 2010
1323,2662,W 4th Av,South,,1,Prior 2010
1324,2662,W 4th Av,South,,1,2012
1325,2682,W 4th Av,South,,1,2012
1326,2695,W 4th Av,North,,1,2012
1327,2698,W 4th Av,East,,1,2013
1328,2702,W 4th Av,South,,1,2012
1329,2705,W 4th Av,North,,2,2016
1330,2716,W 4th Av,South,,1,2012
1331,2722,W 4th Av,South,,1,2012
1332,2724,W 4th Av,South,,1,Prior 2010
1333,2724,W 4th Av,South,,1,2016
1334,2737,W 4th Av,North,,2,2016
1335,2741,W 4th Av,North,,1,Prior 2010
1336,2744,W 4th Av,South,,1,2016
1337,2745,W 4th Av,North,,3,2016
1338,2766,W 4th Av,South,,2,2016
1339,2802,W 4th Av,South,,1,Prior 2010
1340,2828,W 4th Av,South,,1,2012
1341,2835,W 4th Av,North,,1,2015
1342,2836,W 4th Av,South,,1,Prior 2010
1343,2880,W 4th Av,South,,1,2012
1344,2919,W 4th Av,North,,1,2013
1345,2923,W 4th Av,North,,1,2012
1346,2929,W 4th Av,North,,1,Prior 2010
1347,2947,W 4th Av,North,,1,2012
1348,2952,W 4th Av,South,,1,Prior 2010
1349,2954,W 4th Av,South,,1,2012
1350,2958,W 4th Av,South,,1,Prior 2010
1351,2959,W 4th Av,North,,2,2013
1352,3303,W 4th Av,North,,1,2012
1353,3327,W 4th Av,North,,1,2012
1354,3337,W 4th Av,North,,1,2012
1355,3502,W 4th Av,South,,1,Prior 2010
1356,3502,W 4th Av,South,,1,2012
1357,3512,W 4th Av,South,,1,2012
1358,3525,W 4th Av,North,,1,2012
1359,3525,W 4th Av,North,,2,2013
1360,3545,W 4th Av,North,,1,Prior 2010
1361,3545,W 4th Av,North,,1,2012
1362,3570,W 4th Av,South,,1,Prior 2010
1363,3570,W 4th Av,South,,1,2012
1364,3571,W 4th Av,North,,2,2012
1365,3590,W 4th Av,South,,1,2012
1366,3598,W 4th Av,South,,1,2012
1367,3600,W 4th Av,South,,1,Prior 2010
1368,3605,W 4th Av,North,,1,2012
1369,3608,W 4th Av,South,,1,Prior 2010
1370,3608,W 4th Av,South,,1,2012
1371,3621,W 4th Av,North,,1,Prior 2010
1372,3644,W 4th Av,South,,1,Prior 2010
1373,3650,W 4th Av,South,,1,2012
1374,3651,W 4th Av,North,,1,Prior 2010
1375,3654,W 4th Av,South,,1,Prior 2010
1376,3661,W 4th Av,North,,1,2012
1377,3689,W 4th Av,North,,1,Prior 2010
1378,3689,W 4th Av,North,,1,2012
1379,375,W 5th,North,,2,2014
1380,164,W 5th Av,South,,1,Prior 2010
1381,188,W 5th Av,North,,2,2012
1382,188,W 5th Av,East,,1,2013
1383,28,W 5th Ave,South,,1,2014
1384,32,W 5th Ave,South,,1,2014
1385,204,W 6th,South,,1,2014
1386,112,W 6th Av,South,,1,2012
1387,196,W 6th Av,South,,1,2013
1388,199,W 6th Av,North,,1,2013
1389,1520,W 6th Av,South,,1,Prior 2010
1390,1595,W 6th Av,North,,1,Prior 2010
1391,1400,W 70th Av,South,,2,2015
1392,4,W 7th Av,South,,1,2012
1393,75,W 7th Av,North,,1,2012
1394,149,W 7th Av,North,,3,2015
1395,228,W 7th Av,South,,1,2012
1396,331,W 7th Av,North,,1,2012
1397,368,W 7th Av,South,,3,2013
1398,1399,W 7th Av,North,,1,Prior 2010
1399,1557,W 7th Av,North,,2,2013
1400,1581,W 7th Av,North,,1,Prior 2010
1401,386,W 8th,South,,2,2014
1402,402,W 8th,South,,1,2014
1403,457,W 8th,North,,1,2014
1404,473,W 8th,North,,1,2014
1405,510,W 8th,South,,3,2014
1406,33,W 8th Av,North,,3,2012
1407,77,W 8th Av,North,,1,2012
1408,138,W 8th Av,South,,1,2012
1409,156,W 8th Av,South,,1,2012
1410,224,W 8th Av,South,,1,2012
1411,260,W 8th Av,South,,2,2012
1412,288,W 8th Av,South,,1,2012
1413,342,W 8th Av,South,,4,2011
1414,386,W 8th Av,South,,1,Prior 2010
1415,390,W 8th Av,South,,1,Prior 2010
1416,428,W 8th Av,South,,2,Prior 2010
1417,900,W 8th Av,North,,1,2012
1418,1500,W 8th Av,South,,1,2012
1419,1525,W 8th Av,North,,2,Prior 2010
1420,1762,W 8th Av,South,,1,2015
1421,1765,W 8th Av,North,,3,2015
1422,1768,W 8th Av,South,,1,2015
1423,15,W 8th Ave,North,,4,2014
1424,42,W 8th Ave,South,,1,2014
1425,112,W Broadway,South,,1,Prior 2010
1426,130,W Broadway,South,,4,Prior 2010
1427,137,W Broadway,North,,1,Prior 2010
1428,147,W Broadway,North,,1,Prior 2010
1429,155,W Broadway,North,,1,Prior 2010
1430,195,W Broadway,North,,1,Prior 2010
1431,222,W Broadway,South,,1,Prior 2010
1432,230,W Broadway,South,,1,Prior 2010
1433,375,W Broadway,North,,1,Prior 2010
1434,496,W Broadway,South,Broadway-City Hall,11,2012
1435,500,W Broadway,South,,1,Prior 2010
1436,532,W Broadway,South,,1,Prior 2010
1437,601,W Broadway,North,,1,Prior 2010
1438,632,W Broadway,South,,1,Prior 2010
1439,665,W Broadway,North,,2,Prior 2010
1440,686,W Broadway,South,,1,Prior 2010
1441,695,W Broadway,North,,1,Prior 2010
1442,777,W Broadway,North,,2,Prior 2010
1443,885,W Broadway,North,,1,Prior 2010
1444,901,W Broadway,North,,1,Prior 2010
1445,906,W Broadway,South,,1,Prior 2010
1446,973,W Broadway,North,,3,Prior 2010
1447,999,W Broadway,North,,1,2015
1448,1030,W Broadway,South,,1,Prior 2010
1449,1037,W Broadway,North,,1,2015
1450,1063,W Broadway,North,,1,2015
1451,1088,W Broadway,South,,1,2015
1452,1089,W Broadway,North,,1,2015
1453,1128,W Broadway,South,,1,Prior 2010
1454,1245,W Broadway,North,,1,2012
1455,1245,W Broadway,North,,1,2013
1456,1268,W Broadway,South,,1,Prior 2010
1457,1278,W Broadway,South,,1,2012
1458,1285,W Broadway,North,,2,2013
1459,1421,W Broadway,North,,1,Prior 2010
1460,1595,W Broadway,North,,2,Prior 2010
1461,1701,W Broadway,North,,1,Prior 2010
1462,1724,W Broadway,South,,1,Prior 2010
1463,1727,W Broadway,North,,2,Prior 2010
1464,1755,W Broadway,North,,2,Prior 2010
1465,1755,W Broadway,North,,1,Prior 2010
1466,1867,W Broadway,North,,2,Prior 2010
1467,1885,W Broadway,North,,1,Prior 2010
1468,1885,W Broadway,North,,2,2012
1469,1900,W Broadway,South,,1,Prior 2010
1470,2150,W Broadway,South,,1,2015
1471,2154,W Broadway,South,,1,2015
1472,2156,W Broadway,South,,2,2015
1473,2176,W Broadway,South,,1,2015
1474,2182,W Broadway,South,,1,2015
1475,2221,W Broadway,North,,1,2014
1476,2225,W Broadway,North,,1,2014
1477,2245,W Broadway,North,,1,Prior 2010
1478,2255,W Broadway,North,,1,2014
1479,2283,W Broadway,North,,1,2014
1480,2289,W Broadway,North,,1,2014
1481,2300,W Broadway,South,,2,2014
1482,2303,W Broadway,North,,2,2014
1483,2306,W Broadway,South,,1,Prior 2010
1484,2505,W Broadway,North,,1,Prior 2010
1485,2505,W Broadway,North,,1,2012
1486,2505,W Broadway,North,,1,2014
1487,2518,W Broadway,South,,1,Prior 2010
1488,2529,W Broadway,North,,1,2014
1489,2545,W Broadway,North,,3,Prior 2010
1490,2579,W Broadway,North,,1,2014
1491,2581,W Broadway,North,,1,Prior 2010
1492,2582,W Broadway,South,,1,Prior 2010
1493,2665,W Broadway,North,,3,Prior 2010
1494,2671,W Broadway,North,,1,Prior 2010
1495,2681,W Broadway,North,,1,Prior 2010
1496,2684,W Broadway,South,,1,Prior 2010
1497,2696,W Broadway,South,,1,2011
1498,2699,W Broadway,North,,1,Prior 2010
1499,2732,W Broadway,South,,1,Prior 2010
1500,2733,W Broadway,North,,1,2011
1501,2786,W Broadway,South,,1,2011
1502,2790,W Broadway,South,,1,2011
1503,2821,W Broadway,North,,1,2011
1504,2837,W Broadway,North,,1,2011
1505,2868,W Broadway,South,,1,Prior 2010
1506,2868,W Broadway,South,,1,2011
1507,2886,W Broadway,South,,1,Prior 2010
1508,2902,W Broadway,South,,1,Prior 2010
1509,2902,W Broadway,West,,1,2011
1510,2909,W Broadway,North,,1,2011
1511,2934,W Broadway,South,,1,Prior 2010
1512,2951,W Broadway,West,,1,2017
1513,2979,W Broadway,North,,1,2011
1514,3031,W Broadway,North,,1,2011
1515,3035,W Broadway,North,,2,Prior 2010
1516,3036,W Broadway,South,,1,Prior 2010
1517,3036,W Broadway,South,,1,2011
1518,3038,W Broadway,South,,1,2011
1519,3045,W Broadway,North,,1,2011
1520,3065,W Broadway,North,,1,Prior 2010
1521,3066,W Broadway,South,,1,2011
1522,3083,W Broadway,North,,1,Prior 2010
1523,3083,W Broadway,East,,2,2011
1524,3091,W Broadway,North,,1,2011
1525,3102,W Broadway,South,,1,2011
1526,3102,W Broadway,West,,2,2013
1527,3105,W Broadway,West,,1,2011
1528,3123,W Broadway,North,,2,Prior 2010
1529,3124,W Broadway,South,,1,Prior 2010
1530,3124,W Broadway,South,,1,2012
1531,3126,W Broadway,South,,1,2011
1532,3135,W Broadway,North,,1,2011
1533,3143,W Broadway,North,,1,2011
1534,3145,W Broadway,North,,1,Prior 2010
1535,3156,W Broadway,South,,1,Prior 2010
1536,3156,W Broadway,South,,1,2011
1537,3235,W Broadway,North,,1,2011
1538,3236,W Broadway,South,,1,Prior 2010
1539,3236,W Broadway,South,,1,2011
1540,3287,W Broadway,North,,1,Prior 2010
1541,3291,W Broadway,North,,1,Prior 2010
1542,3298,W Broadway,South,,1,Prior 2010
1543,3308,W Broadway,South,,1,2011
1544,3310,W Broadway,South,,1,Prior 2010
1545,3311,W Broadway,North,,1,Prior 2010
1546,3313,W Broadway,North,,1,2011
1547,3328,W Broadway,South,,1,2011
1548,3349,W Broadway,North,,1,2011
1549,3422,W Broadway,South,,1,2011
1550,3428,W Broadway,South,,1,2011
1551,3431,W Broadway,North,,1,Prior 2010
1552,3431,W Broadway,North,,1,2011
1553,3454,W Broadway,South,,1,Prior 2010
1554,3485,W Broadway,North,,1,2011
1555,3496,W Broadway,South,,1,Prior 2010
1556,3555,W Broadway,North,,1,Prior 2010
1557,3661,W Broadway,North,,1,Prior 2010
1558,3673,W Broadway,North,,1,Prior 2010
1559,2,W Cordova St,South,,5,2012
1560,108,W Cordova St,South,,1,2012
1561,175,W Cordova St,East,,2,2016
1562,301,W Cordova St,North,,1,2012
1563,304,W Cordova St,North,,1,2016
1564,309,W Cordova St,West,,1,2016
1565,314,W Cordova St,South,,2,Prior 2010
1566,403,W Cordova St,North,,1,Prior 2010
1567,403,W Cordova St,North,,2,2012
1568,403,W Cordova St,North,,1,2012
1569,415,W Cordova St,North,,2,2012
1570,601,W Cordova St,North,,1,Prior 2010
1571,601,W Cordova St,North,Waterfront,3,2012
1572,1100,W Cordova St,South,,1,2012
1573,161,W Georgia St,East,,3,2016
1574,180,W Georgia St,South,,2,2011
1575,555,W Georgia St,North,,1,Prior 2010
1576,650,W Georgia St,South,,1,Prior 2010
1577,650,W Georgia St,South,,1,2012
1578,702,W Georgia St,South,Vancouver City Centre,8,2012
1579,801,W Georgia St,North,,1,2015
1580,801,W Georgia St,North,,2,2015
1581,885,W Georgia St,North,,2,Prior 2010
1582,925,W Georgia St,North,,3,Prior 2010
1583,1025,W Georgia St,North,,1,2011
1584,1025,W Georgia St,North,,1,2010
1585,1030,W Georgia St,South,,1,Prior 2010
1586,1055,W Georgia St,North,,4,Prior 2010
1587,1445,W Georgia St,North,,3,2015
1588,1616,W Georgia St,South,,1,Prior 2010
1589,30,W Hastings St,South,,1,2012
1590,43,W Hastings St,North,,1,Prior 2010
1591,43,W Hastings St,North,,1,2012
1592,58,W Hastings St,South,,4,Prior 2010
1593,84,W Hastings St,South,,3,2012
1594,106,W Hastings St,South,,1,2013
1595,112,W Hastings St,South,,1,Prior 2010
1596,126,W Hastings St,South,,1,2013
1597,128,W Hastings St,South,,1,2012
1598,134,W Hastings St,South,,2,2013
1599,163,W Hastings St,North,,4,2011
1600,163,W Hastings St,North,,3,2010
1601,198,W Hastings St,South,,2,Prior 2010
1602,198,W Hastings St,South,,3,2011
1603,198,W Hastings St,South,,2,2010
1604,207,W Hastings St,North,,1,2012
1605,207,W Hastings St,North,,1,2011
1606,207,W Hastings St,West,,2,2016
1607,219,W Hastings St,North,,1,2012
1608,219,W Hastings St,North,,1,2011
1609,227,W Hastings St,North,,5,2011
1610,227,W Hastings St,North,,3,2010
1611,300,W Hastings St,South,,1,2012
1612,300,W Hastings St,South,,1,2011
1613,314,W Hastings St,South,,1,2012
1614,314,W Hastings St,South,,1,2011
1615,324,W Hastings St,South,,1,Prior 2010
1616,337,W Hastings St,North,,1,Prior 2010
1617,400,W Hastings St,South,,3,2012
1618,400,W Hastings St,South,,3,2011
1619,412,W Hastings St,South,,1,Prior 2010
1620,473,W Hastings St,North,,1,2012
1621,473,W Hastings St,North,,1,2011
1622,492,W Hastings St,South,,1,Prior 2010
1623,510,W Hastings St,South,,2,Prior 2010
1624,515,W Hastings St,North,,2,Prior 2010
1625,555,W Hastings St,North,,1,Prior 2010
1626,555,W Hastings St,North,,2,2012
1627,555,W Hastings St,North,,2,2011
1628,601,W Hastings St,North,,2,2010
1629,602,W Hastings St,South,,1,Prior 2010
1630,602,W Hastings St,South,,2,2010
1631,609,W Hastings St,North,,2,2010
1632,675,W Hastings St,North,,1,Prior 2010
1633,675,W Hastings St,North,,1,2010
1634,688,W Hastings St,South,,1,Prior 2010
1635,700,W Hastings St,South,,2,2010
1636,808,W Hastings St,South,,1,Prior 2010
1637,808,W Hastings St,South,,1,2010
1638,838,W Hastings St,South,,2,2012
1639,848,W Hastings St,South,,1,Prior 2010
1640,850,W Hastings St,South,,1,Prior 2010
1641,900,W Hastings St,South,,2,Prior 2010
1642,1055,W Hastings St,North,,2,Prior 2010
1643,1055,W Hastings St,North,,2,2010
1644,1099,W Hastings St,North,,2,2010
1645,1111,W Hastings St,North,,1,2010
1646,1133,W Hastings St,North,,1,2010
1647,1177,W Hastings St,North,,2,2014
1648,1177,W Hastings St,North,,2,2010
1649,27,W Pender St,North,,1,2015
1650,33,W Pender St,North,,2,2015
1651,59,W Pender St,North,,1,Prior 2010
1652,59,W Pender St,North,,1,2012
1653,59,W Pender St,North,,1,2015
1654,99,W Pender St,North,,1,2015
1655,300,W Pender St,South,,2,2013
1656,309,W Pender St,North,,1,2012
1657,309,W Pender St,North,,1,2011
1658,319,W Pender St,North,,1,2012
1659,319,W Pender St,North,,1,2011
1660,328,W Pender St,South,,1,2013
1661,338,W Pender St,South,,1,2013
1662,344,W Pender St,South,,1,2013
1663,402,W Pender St,South,,1,Prior 2010
1664,416,W Pender St,South,,1,2012
1665,416,W Pender St,South,,1,2011
1666,433,W Pender St,North,,1,2012
1667,433,W Pender St,North,,1,2011
1668,445,W Pender St,North,,1,2012
1669,445,W Pender St,North,,2,2011
1670,455,W Pender St,North,,1,Prior 2010
1671,518,W Pender St,South,,1,2012
1672,518,W Pender St,South,,1,2011
1673,605,W Pender St,North,,1,2012
1674,605,W Pender St,North,,1,2011
1675,617,W Pender St,North,,1,2012
1676,617,W Pender St,North,,1,2011
1677,789,W Pender St,North,,2,Prior 2010
1678,819,W Pender St,North,,1,2012
1679,819,W Pender St,North,,1,2011
1680,829,W Pender St,North,,1,2012
1681,829,W Pender St,North,,1,2011
1682,830,W Pender St,South,,1,2012
1683,830,W Pender St,South,,1,2011
1684,1095,W Pender St,North,,1,Prior 2010
1685,1139,W Pender St,North,,1,2013
1686,1140,W Pender St,South,,2,2013
1687,250,W Pender St,West,,4,2016
1688,402,W Pender St,South,,1,Prior 2010
1689,3,Water St,North,,3,2012
1690,10,Water St,South,,2,2012
1691,19,Water St,North,,1,2012
1692,55,Water St,North,,1,Prior 2010
1693,65,Water St,North,,1,Prior 2010
1694,102,Water St,South,,1,2012
1695,142,Water St,South,,1,2012
1696,199,Water St,North,,1,Prior 2010
1697,199,Water St,North,,1,2012
1698,302,Water St,West,,2,2016
1699,322,Water St,South,,1,2012
1700,332,Water St,South,,1,2012
1701,375,Water St,North,,1,Prior 2010
1702,375,Water St,North,,3,2012
1703,5367,West Boulevard,West,,1,2015
1704,5389,West Boulevard,West,,1,2015
1705,5435,West Boulevard,West,,1,Prior 2010
1706,5663,West Boulevard,West,,1,2012
1707,5665,West Boulevard,West,,1,Prior 2010
1708,5765,West Boulevard,West,,1,2012
1709,5777,West Boulevard,West,,1,2012
1710,6191,West Boulevard,West,,1,Prior 2010
1711,2300,Willow St,West,,1,2012
1712,1500,Yew St,East,,1,Prior 2010
1713,1500,Yew St,East,,1,2015
1714,1520,Yew St,East,,1,Prior 2010
1715,1520,Yew St,East,,1,2015
1716,1525,Yew St,West,,1,2015
1717,1555,Yew St,West,,2,2014
1718,1601,Yew St,West,,5,2014
1719,1601,Yew St,West,,5,2014
1720,2327,Yew St,West,,1,Prior 2010
1721,5687,Yew St,West,,1,2012
1722,5692,Yew St,East,,2,2012
1723,1800,York Av,North,,1,2014
1724,1900,York Av,North,,1,2014
1725,1900,York Av,South,,1,2014
1726,2190,York Av,South,,2,2015
1727,2201,York Av,North,,2,2014
1728,2204,York Av,South,,1,Prior 2010
1729,2450,Yukon St,East,,1,2014
1730,2459,Yukon St,West,,2,2014
1731,2490,Yukon St,East,,1,2012